age,workclass,education,education-num,marital-status,occupation,relationship,race
59,?,7th-8th,9,Married-civ-spouse,Sales,Unmarried,White
50,Private,HS-grad,9,Married-civ-spouse,Machine-op-inspct,Other-relative,White
69,Private,5th-6th,11,Married-civ-spouse,Tech-support,Husband,White
18,Private,Bachelors,9,Married-civ-spouse,Craft-repair,Husband,White
65,State-gov,HS-grad,14,Divorced,Farming-fishing,Own-child,White
44,Private,HS-grad,14,Never-married,Prof-specialty,Husband,White
67,?,Masters,9,Never-married,Machine-op-inspct,Not-in-family,White
32,Private,Some-college,11,Never-married,Handlers-cleaners,Own-child,White
67,Self-emp-not-inc,Assoc-voc,7,Married-civ-spouse,?,Husband,White
61,Private,Some-college,16,Married-civ-spouse,Handlers-cleaners,Not-in-family,White
28,Self-emp-inc,Bachelors,10,Married-civ-spouse,Transport-moving,Husband,Asian-Pac-Islander
48,State-gov,5th-6th,9,Married-civ-spouse,Craft-repair,Not-in-family,White
69,Private,Doctorate,13,Married-civ-spouse,Other-service,Unmarried,Amer-Indian-Eskimo
41,Private,HS-grad,10,Never-married,Transport-moving,Unmarried,White
48,Private,HS-grad,15,Married-spouse-absent,Machine-op-inspct,Not-in-family,White
53,Private,12th,8,Married-civ-spouse,Prof-specialty,Husband,White
28,?,HS-grad,6,Married-civ-spouse,Adm-clerical,Husband,Other
78,Self-emp-not-inc,Bachelors,9,Married-civ-spouse,Adm-clerical,Unmarried,White
21,Private,Bachelors,10,Divorced,Exec-managerial,Husband,White
37,Self-emp-inc,Masters,9,Never-married,Farming-fishing,Not-in-family,White
77,Self-emp-inc,HS-grad,13,Never-married,Craft-repair,Husband,White
69,Private,HS-grad,10,Never-married,?,Unmarried,White
34,Private,Masters,9,Married-civ-spouse,Other-service,Own-child,White
24,Private,HS-grad,9,Married-civ-spouse,Exec-managerial,Not-in-family,White
25,Private,Masters,11,Married-civ-spouse,?,Husband,White
43,Private,Doctorate,7,Never-married,Adm-clerical,Other-relative,White
55,Local-gov,Some-college,9,Married-civ-spouse,Exec-managerial,Not-in-family,White
46,Private,Masters,13,Divorced,Sales,Husband,White
24,Self-emp-inc,Some-college,10,Never-married,Machine-op-inspct,Husband,White
50,Private,Assoc-voc,9,Separated,Other-service,Not-in-family,White
25,Private,Masters,7,Married-civ-spouse,Exec-managerial,Husband,White
30,Self-emp-not-inc,HS-grad,9,Never-married,Tech-support,Not-in-family,White
57,Private,9th,9,Married-civ-spouse,Craft-repair,Own-child,White
47,Private,Masters,12,Married-civ-spouse,Sales,Not-in-family,Black
44,Private,Assoc-acdm,9,Never-married,Other-service,Husband,White
44,Local-gov,HS-grad,9,Married-civ-spouse,Other-service,Husband,White
50,Private,Bachelors,9,Married-civ-spouse,Exec-managerial,Unmarried,White
58,Private,Bachelors,9,Never-married,Prof-specialty,Husband,Other
32,Private,Some-college,7,Divorced,Exec-managerial,Husband,White
31,Private,Masters,6,Widowed,Sales,Husband,White
35,State-gov,HS-grad,13,Divorced,?,Not-in-family,White
75,?,HS-grad,10,Never-married,Machine-op-inspct,Not-in-family,White
48,?,Some-college,9,Widowed,Adm-clerical,Not-in-family,White
24,Private,HS-grad,10,Never-married,Craft-repair,Unmarried,White
19,Self-emp-not-inc,Some-college,10,Married-civ-spouse,Transport-moving,Husband,White
27,Private,Masters,9,Married-civ-spouse,Transport-moving,Not-in-family,White
51,Private,Bachelors,9,Married-civ-spouse,Prof-specialty,Own-child,Black
24,Private,Some-college,9,Divorced,Craft-repair,Wife,White
28,Private,Bachelors,12,Never-married,Sales,Not-in-family,White
29,State-gov,Some-college,11,Married-civ-spouse,Adm-clerical,Own-child,White
28,?,Bachelors,10,Married-civ-spouse,Other-service,Own-child,White
27,Private,HS-grad,10,Never-married,Other-service,Other-relative,White
70,Private,Bachelors,9,Divorced,Farming-fishing,Husband,White
38,Private,Masters,9,Married-civ-spouse,Machine-op-inspct,Unmarried,White
31,Self-emp-inc,HS-grad,10,Never-married,Sales,Own-child,White
29,Federal-gov,HS-grad,9,Married-civ-spouse,Machine-op-inspct,Husband,White
25,Private,Some-college,11,Married-civ-spouse,Craft-repair,Unmarried,White
58,Self-emp-not-inc,9th,13,Divorced,Other-service,Wife,White
28,Private,Bachelors,3,Divorced,Craft-repair,Own-child,Black
20,Private,HS-grad,10,Married-civ-spouse,Other-service,Husband,White
67,Private,HS-grad,9,Married-civ-spouse,?,Not-in-family,White
30,Private,Doctorate,9,Never-married,Other-service,Husband,Asian-Pac-Islander
88,Private,HS-grad,9,Never-married,Prof-specialty,Husband,Asian-Pac-Islander
77,Private,Some-college,9,Never-married,Protective-serv,Husband,White
23,Self-emp-not-inc,HS-grad,9,Divorced,Machine-op-inspct,Other-relative,White
44,Private,HS-grad,15,Divorced,Craft-repair,Own-child,White
37,Private,11th,9,Married-civ-spouse,Prof-specialty,Unmarried,White
33,Self-emp-not-inc,Some-college,13,Divorced,Adm-clerical,Husband,White
34,Self-emp-not-inc,HS-grad,9,Married-civ-spouse,Prof-specialty,Not-in-family,Other
32,Private,11th,10,Married-civ-spouse,Farming-fishing,Husband,White
31,Private,Some-college,9,Married-civ-spouse,Other-service,Husband,White
53,Private,10th,13,Married-civ-spouse,Transport-moving,Wife,White
64,Private,Bachelors,9,Married-civ-spouse,Craft-repair,Husband,Other
43,State-gov,Bachelors,9,Married-civ-spouse,Prof-specialty,Not-in-family,White
53,Self-emp-inc,1st-4th,13,Married-civ-spouse,Farming-fishing,Husband,White
77,Local-gov,Some-college,10,Never-married,Adm-clerical,Unmarried,White
48,Private,Some-college,9,Never-married,Sales,Unmarried,Other
43,Private,HS-grad,8,Never-married,Prof-specialty,Own-child,White
21,Private,HS-grad,9,Married-civ-spouse,Craft-repair,Husband,White
28,Private,11th,14,Never-married,Sales,Not-in-family,White
39,Self-emp-not-inc,HS-grad,13,Never-married,Machine-op-inspct,Wife,White
43,Federal-gov,Assoc-voc,9,Never-married,Exec-managerial,Husband,White
33,Private,9th,9,Married-civ-spouse,Machine-op-inspct,Own-child,White
23,Self-emp-inc,11th,9,Married-civ-spouse,Exec-managerial,Not-in-family,White
39,Private,Doctorate,8,Married-civ-spouse,Transport-moving,Not-in-family,White
33,Local-gov,HS-grad,16,Married-civ-spouse,Transport-moving,Husband,White
37,Private,HS-grad,12,Never-married,Adm-clerical,Husband,White
31,Private,HS-grad,2,Married-civ-spouse,Prof-specialty,Husband,White
21,Private,Bachelors,13,Married-civ-spouse,Sales,Not-in-family,White
38,Private,Assoc-voc,9,Married-civ-spouse,Exec-managerial,Not-in-family,White
33,Federal-gov,Some-college,9,Married-civ-spouse,Prof-specialty,Not-in-family,White
23,?,Bachelors,3,Widowed,Exec-managerial,Husband,White
49,Private,HS-grad,13,Never-married,Prof-specialty,Own-child,White
44,Local-gov,Some-college,10,Divorced,Adm-clerical,Wife,White
26,Federal-gov,Some-college,14,Never-married,Adm-clerical,Own-child,White
27,Private,HS-grad,13,Married-civ-spouse,Transport-moving,Own-child,Asian-Pac-Islander
26,Private,Some-college,10,Married-civ-spouse,Tech-support,Wife,White
44,Private,Masters,10,Married-civ-spouse,Prof-specialty,Husband,Black
32,Private,Assoc-voc,13,Widowed,Other-service,Not-in-family,White
61,Private,Masters,10,Never-married,Prof-specialty,Husband,White
47,Local-gov,Bachelors,10,Never-married,Exec-managerial,Wife,White
58,Private,Prof-school,10,Married-civ-spouse,Exec-managerial,Husband,White
37,Private,Some-college,13,Married-civ-spouse,Other-service,Not-in-family,White
37,Private,HS-grad,13,Never-married,Exec-managerial,Not-in-family,Asian-Pac-Islander
33,Private,Assoc-acdm,10,Married-civ-spouse,Craft-repair,Own-child,White
23,Private,HS-grad,10,Married-civ-spouse,?,Husband,Other
42,?,HS-grad,9,Married-civ-spouse,Prof-specialty,Husband,White
31,Private,HS-grad,9,Never-married,Prof-specialty,Not-in-family,White
32,Local-gov,Some-college,13,Never-married,Prof-specialty,Own-child,White
59,Local-gov,HS-grad,10,Married-civ-spouse,Prof-specialty,Not-in-family,White
74,Private,Bachelors,13,Married-civ-spouse,Other-service,Own-child,White
26,Private,9th,11,Never-married,Other-service,Not-in-family,White
19,Self-emp-not-inc,1st-4th,13,Never-married,Machine-op-inspct,Not-in-family,White
21,Self-emp-inc,10th,13,Never-married,Prof-specialty,Not-in-family,White
27,Private,Some-college,4,Married-civ-spouse,Prof-specialty,Own-child,Black
58,?,HS-grad,7,Widowed,Craft-repair,Husband,White
45,Private,Bachelors,9,Never-married,Handlers-cleaners,Unmarried,White
58,Self-emp-inc,Masters,10,Separated,Craft-repair,Wife,White
30,Private,HS-grad,9,Married-civ-spouse,?,Own-child,White
55,?,Bachelors,9,Married-civ-spouse,Exec-managerial,Husband,White
47,?,Some-college,4,Divorced,Craft-repair,Unmarried,White
70,Private,HS-grad,9,Married-civ-spouse,Prof-specialty,Unmarried,Black
39,Local-gov,Some-college,9,Married-civ-spouse,Prof-specialty,Not-in-family,White
38,Private,Assoc-voc,9,Married-civ-spouse,Other-service,Own-child,White
22,Private,HS-grad,7,Married-civ-spouse,Other-service,Husband,White
25,Private,Some-college,10,Separated,Prof-specialty,Not-in-family,White
28,Private,Some-college,9,Divorced,?,Unmarried,White
47,Self-emp-inc,HS-grad,13,Never-married,Craft-repair,Not-in-family,White
42,Local-gov,Bachelors,11,Married-civ-spouse,Craft-repair,Husband,Asian-Pac-Islander
24,Private,Some-college,9,Divorced,Exec-managerial,Not-in-family,Other
25,Private,HS-grad,9,Divorced,Farming-fishing,Wife,White
33,Private,Bachelors,13,Married-civ-spouse,Other-service,Not-in-family,White
47,Private,HS-grad,10,Married-civ-spouse,Other-service,Husband,White
36,Local-gov,Bachelors,10,Never-married,Exec-managerial,Not-in-family,White
19,Private,HS-grad,9,Never-married,Protective-serv,Other-relative,White
42,Private,HS-grad,14,Divorced,Craft-repair,Not-in-family,Black
70,Private,HS-grad,9,Married-civ-spouse,Machine-op-inspct,Husband,White
40,Private,HS-grad,9,Never-married,Machine-op-inspct,Own-child,White
58,Private,Masters,10,Married-civ-spouse,Sales,Unmarried,White
61,Private,Some-college,10,Never-married,Exec-managerial,Unmarried,Black
30,Self-emp-not-inc,Some-college,13,Married-civ-spouse,Exec-managerial,Own-child,Black
80,Private,HS-grad,13,Never-married,Prof-specialty,Husband,Other
41,Private,Bachelors,13,Never-married,Tech-support,Wife,White
39,Private,Some-college,13,Never-married,Prof-specialty,Unmarried,Other
51,Private,HS-grad,2,Married-civ-spouse,Prof-specialty,Husband,White
73,Private,Some-college,9,Divorced,?,Not-in-family,White
74,Private,Some-college,9,Never-married,?,Wife,Black
18,Self-emp-inc,HS-grad,9,Never-married,Adm-clerical,Unmarried,White
39,?,Prof-school,9,Never-married,Sales,Not-in-family,White
30,?,HS-grad,9,Never-married,Exec-managerial,Other-relative,White
19,Self-emp-not-inc,HS-grad,13,Divorced,Craft-repair,Husband,White
53,Local-gov,Some-college,9,Never-married,Transport-moving,Other-relative,White
55,Private,Masters,10,Divorced,Other-service,Other-relative,White
45,Private,Masters,7,Never-married,Protective-serv,Unmarried,White
28,Private,HS-grad,13,Married-civ-spouse,Tech-support,Own-child,White
25,Private,Assoc-voc,5,Married-civ-spouse,Handlers-cleaners,Husband,White
53,Private,Bachelors,10,Never-married,Adm-clerical,Unmarried,Asian-Pac-Islander
22,Private,Some-college,9,Married-civ-spouse,Other-service,Husband,White
26,Private,Prof-school,14,Never-married,Transport-moving,Husband,White
30,Self-emp-not-inc,Assoc-acdm,10,Married-civ-spouse,Sales,Husband,White
80,Private,11th,9,Married-civ-spouse,Prof-specialty,Husband,White
55,Private,Bachelors,13,Married-civ-spouse,Sales,Not-in-family,White
38,Private,HS-grad,10,Married-civ-spouse,Transport-moving,Husband,White
51,Private,HS-grad,12,Divorced,Adm-clerical,Husband,White
31,Self-emp-inc,HS-grad,9,Never-married,Craft-repair,Unmarried,Black
29,Private,Some-college,5,Married-civ-spouse,Sales,Husband,White
65,Private,11th,9,Never-married,Handlers-cleaners,Other-relative,White
30,?,HS-grad,10,Divorced,Prof-specialty,Other-relative,Black
32,Private,HS-grad,9,Married-civ-spouse,Transport-moving,Not-in-family,Amer-Indian-Eskimo
29,Private,HS-grad,10,Never-married,Other-service,Husband,White
31,Self-emp-not-inc,HS-grad,9,Never-married,Exec-managerial,Not-in-family,White
29,Private,HS-grad,13,Married-civ-spouse,Adm-clerical,Not-in-family,White
47,Private,Some-college,9,Married-civ-spouse,Prof-specialty,Not-in-family,White
50,Private,7th-8th,13,Married-civ-spouse,Craft-repair,Own-child,Black
48,Local-gov,HS-grad,9,Never-married,Tech-support,Husband,White
53,Private,HS-grad,10,Married-spouse-absent,Other-service,Own-child,White
59,Private,Masters,10,Married-civ-spouse,Prof-specialty,Unmarried,White
27,Self-emp-not-inc,Bachelors,1,Married-civ-spouse,?,Husband,White
40,Self-emp-not-inc,Bachelors,15,Never-married,Craft-repair,Husband,White
34,Private,10th,9,Married-civ-spouse,Farming-fishing,Not-in-family,Black
64,Private,HS-grad,6,Married-civ-spouse,Craft-repair,Husband,White
53,Private,Bachelors,9,Separated,?,Unmarried,Amer-Indian-Eskimo
67,Federal-gov,HS-grad,10,Married-civ-spouse,Machine-op-inspct,Husband,White
44,Private,HS-grad,11,Married-civ-spouse,Adm-clerical,Not-in-family,White
22,Private,10th,9,Married-civ-spouse,Exec-managerial,Not-in-family,Black
60,Self-emp-not-inc,HS-grad,13,Never-married,Tech-support,Unmarried,White
56,Private,HS-grad,10,Never-married,Prof-specialty,Husband,White
43,Private,Some-college,10,Divorced,Handlers-cleaners,Husband,White
43,Local-gov,HS-grad,12,Married-civ-spouse,Exec-managerial,Own-child,White
77,Private,11th,10,Married-civ-spouse,Craft-repair,Husband,White
55,Local-gov,10th,9,Never-married,Sales,Not-in-family,White
77,Private,HS-grad,9,Never-married,Adm-clerical,Husband,White
27,Private,Some-college,9,Married-civ-spouse,Craft-repair,Husband,White
22,Local-gov,Assoc-voc,11,Married-civ-spouse,Adm-clerical,Not-in-family,Black
51,Private,Some-college,10,Never-married,Transport-moving,Husband,White
24,?,10th,10,Never-married,Sales,Not-in-family,White
29,Private,Bachelors,13,Never-married,Exec-managerial,Other-relative,White
54,Self-emp-not-inc,HS-grad,14,Never-married,Sales,Husband,Black
51,Private,11th,9,Married-civ-spouse,Exec-managerial,Not-in-family,White
44,Private,HS-grad,14,Married-civ-spouse,Other-service,Other-relative,White
60,?,HS-grad,9,Married-civ-spouse,Adm-clerical,Unmarried,Black
43,Private,HS-grad,10,Married-civ-spouse,Craft-repair,Husband,White
34,Private,Masters,6,Never-married,Prof-specialty,Unmarried,White
52,Private,HS-grad,10,Divorced,Farming-fishing,Husband,White
41,Private,Bachelors,15,Never-married,Sales,Husband,White
33,Private,HS-grad,9,Separated,Prof-specialty,Not-in-family,White
47,Self-emp-inc,HS-grad,10,Never-married,Other-service,Not-in-family,White
50,Private,Some-college,9,Married-civ-spouse,Machine-op-inspct,Own-child,White
31,Private,Bachelors,9,Never-married,Other-service,Other-relative,White
53,Private,Masters,9,Divorced,Adm-clerical,Other-relative,White
21,Local-gov,HS-grad,3,Never-married,Machine-op-inspct,Husband,White
28,Self-emp-not-inc,HS-grad,10,Never-married,Craft-repair,Not-in-family,White
55,Private,Bachelors,10,Never-married,Craft-repair,Own-child,White
59,Self-emp-not-inc,Doctorate,9,Separated,Prof-specialty,Not-in-family,White
75,Private,HS-grad,9,Never-married,Sales,Unmarried,White
29,Self-emp-not-inc,Assoc-acdm,9,Married-civ-spouse,Adm-clerical,Husband,White
63,Private,11th,9,Never-married,Exec-managerial,Not-in-family,White
75,State-gov,HS-grad,14,Married-civ-spouse,Exec-managerial,Husband,White
48,Private,HS-grad,13,Separated,Other-service,Unmarried,White
29,Private,Assoc-voc,7,Married-civ-spouse,Exec-managerial,Wife,Asian-Pac-Islander
55,Private,HS-grad,9,Divorced,Sales,Husband,Other
29,Federal-gov,HS-grad,10,Never-married,Exec-managerial,Own-child,White
47,Private,Masters,13,Married-civ-spouse,Craft-repair,Unmarried,White
31,Private,HS-grad,9,Never-married,Adm-clerical,Husband,White
39,Private,Bachelors,7,Divorced,Exec-managerial,Own-child,White
48,Private,HS-grad,10,Married-civ-spouse,Other-service,Not-in-family,White
50,?,Bachelors,9,Divorced,Craft-repair,Own-child,White
30,State-gov,HS-grad,11,Married-civ-spouse,Prof-specialty,Not-in-family,White
40,Local-gov,Bachelors,9,Never-married,Craft-repair,Husband,White
29,Self-emp-inc,11th,10,Married-civ-spouse,Adm-clerical,Not-in-family,Black
19,Self-emp-inc,Some-college,9,Married-civ-spouse,Other-service,Not-in-family,White
46,Private,HS-grad,2,Never-married,Exec-managerial,Husband,Black
47,Private,Assoc-acdm,13,Married-civ-spouse,Adm-clerical,Husband,Asian-Pac-Islander
24,Self-emp-inc,Some-college,15,Divorced,Adm-clerical,Husband,White
24,Federal-gov,5th-6th,9,Divorced,Craft-repair,Husband,White
62,Private,Some-college,10,Never-married,Sales,Unmarried,White
58,Private,10th,9,Married-civ-spouse,Adm-clerical,Not-in-family,White
72,Local-gov,Bachelors,9,Married-civ-spouse,Craft-repair,Husband,White
36,?,Some-college,7,Married-civ-spouse,Craft-repair,Not-in-family,White
37,Private,HS-grad,9,Never-married,Exec-managerial,Not-in-family,White
18,Private,Bachelors,14,Married-civ-spouse,Craft-repair,Unmarried,White
29,Self-emp-inc,Some-college,4,Married-civ-spouse,Other-service,Unmarried,White
52,Self-emp-not-inc,HS-grad,13,Never-married,Craft-repair,Husband,White
45,Private,Bachelors,10,Never-married,Craft-repair,Unmarried,White
53,Private,Prof-school,9,Never-married,Prof-specialty,Husband,White
23,Private,HS-grad,7,Married-civ-spouse,Exec-managerial,Own-child,White
44,Private,Some-college,12,Never-married,Sales,Own-child,White
39,Private,Bachelors,10,Never-married,Sales,Husband,White
42,Private,11th,9,Never-married,Prof-specialty,Not-in-family,White
42,Local-gov,Doctorate,9,Married-spouse-absent,Prof-specialty,Husband,White
22,?,HS-grad,9,Separated,?,Husband,White
56,Private,HS-grad,10,Divorced,Farming-fishing,Not-in-family,White
22,State-gov,HS-grad,12,Married-civ-spouse,?,Not-in-family,White
90,Private,Some-college,9,Married-civ-spouse,Prof-specialty,Other-relative,Black
29,Private,Masters,10,Married-civ-spouse,Farming-fishing,Own-child,White
24,Private,10th,9,Married-civ-spouse,Adm-clerical,Own-child,White
81,Private,Some-college,10,Married-civ-spouse,Craft-repair,Husband,Black
90,Private,Bachelors,10,Married-civ-spouse,Transport-moving,Unmarried,White
22,Private,Some-college,7,Married-civ-spouse,Other-service,Unmarried,White
39,Private,Bachelors,3,Divorced,Prof-specialty,Husband,White
27,Self-emp-not-inc,Doctorate,13,Married-civ-spouse,Sales,Husband,White
45,Private,HS-grad,7,Married-civ-spouse,Craft-repair,Not-in-family,White
35,Private,Masters,10,Married-civ-spouse,Machine-op-inspct,Husband,White
34,State-gov,Some-college,11,Widowed,Adm-clerical,Husband,White
53,Private,Some-college,9,Divorced,Transport-moving,Not-in-family,White
24,Private,Some-college,10,Separated,?,Husband,White
49,Private,Prof-school,9,Divorced,Handlers-cleaners,Own-child,White
18,Private,Assoc-voc,9,Divorced,Exec-managerial,Not-in-family,White
49,Private,Some-college,9,Never-married,Prof-specialty,Not-in-family,White
64,Private,1st-4th,3,Married-civ-spouse,Other-service,Husband,White
90,Federal-gov,HS-grad,10,Married-civ-spouse,Exec-managerial,Not-in-family,White
72,Private,Assoc-voc,10,Never-married,?,Not-in-family,White
43,Private,HS-grad,13,Divorced,Craft-repair,Husband,White
37,Self-emp-inc,HS-grad,10,Never-married,Machine-op-inspct,Not-in-family,White
57,Private,Assoc-voc,6,Never-married,Other-service,Unmarried,White
52,Local-gov,9th,9,Divorced,Adm-clerical,Unmarried,White
28,Private,Some-college,10,Divorced,Exec-managerial,Other-relative,Black
19,Private,Bachelors,8,Separated,Sales,Unmarried,White
77,Local-gov,1st-4th,5,Never-married,Craft-repair,Other-relative,White
40,Private,Some-college,13,Married-civ-spouse,Adm-clerical,Own-child,White
50,?,10th,9,Married-civ-spouse,Adm-clerical,Unmarried,White
41,Private,9th,14,Never-married,Adm-clerical,Husband,White
70,Private,Bachelors,9,Married-civ-spouse,Other-service,Not-in-family,White
77,Private,Prof-school,10,Never-married,Craft-repair,Husband,White
32,Private,HS-grad,10,Never-married,Handlers-cleaners,Wife,White
79,Local-gov,HS-grad,10,Divorced,Sales,Husband,White
53,Private,10th,7,Never-married,Tech-support,Not-in-family,White
46,Private,Some-college,16,Married-civ-spouse,Exec-managerial,Not-in-family,White
70,Private,HS-grad,3,Married-civ-spouse,Exec-managerial,Husband,Other
19,Private,Bachelors,10,Married-civ-spouse,Tech-support,Not-in-family,White
79,Private,HS-grad,11,Married-civ-spouse,Craft-repair,Husband,White
53,Federal-gov,HS-grad,13,Divorced,?,Own-child,Black
81,Federal-gov,HS-grad,9,Divorced,Prof-specialty,Own-child,Black
45,Private,Some-college,9,Married-civ-spouse,Other-service,Own-child,White
47,Private,HS-grad,13,Separated,Adm-clerical,Not-in-family,White
59,Private,Some-college,9,Married-civ-spouse,Exec-managerial,Own-child,White
67,Private,Some-college,8,Married-civ-spouse,Sales,Husband,White
43,Private,Some-college,9,Widowed,Exec-managerial,Husband,White
68,Private,Masters,10,Divorced,Other-service,Not-in-family,White
49,Private,11th,9,Divorced,Exec-managerial,Unmarried,White
39,Private,HS-grad,14,Divorced,Sales,Own-child,Asian-Pac-Islander
28,Private,HS-grad,10,Never-married,Adm-clerical,Not-in-family,Black
17,Private,Some-college,14,Divorced,Other-service,Husband,Black
17,Private,HS-grad,12,Widowed,Craft-repair,Not-in-family,White
34,Private,Assoc-acdm,13,Never-married,Craft-repair,Not-in-family,White
26,?,Bachelors,14,Married-civ-spouse,Craft-repair,Not-in-family,White
35,Private,Bachelors,10,Divorced,?,Husband,White
29,?,HS-grad,9,Never-married,Adm-clerical,Own-child,White
37,Private,10th,13,Never-married,Prof-specialty,Wife,White
45,Private,HS-grad,13,Married-civ-spouse,Other-service,Wife,White
36,Private,Prof-school,9,Married-civ-spouse,Prof-specialty,Not-in-family,White
24,Private,HS-grad,8,Married-civ-spouse,Exec-managerial,Unmarried,White
37,Private,Bachelors,9,Married-civ-spouse,?,Husband,White
28,Private,Some-college,7,Never-married,Craft-repair,Husband,White
69,Private,Assoc-acdm,10,Married-civ-spouse,Handlers-cleaners,Husband,White
54,Private,Some-college,9,Never-married,Sales,Not-in-family,White
40,Private,10th,4,Never-married,Adm-clerical,Husband,White
29,Private,HS-grad,9,Never-married,Craft-repair,Not-in-family,White
29,Private,HS-grad,16,Never-married,Adm-clerical,Own-child,White
27,Local-gov,Assoc-voc,8,Married-civ-spouse,Handlers-cleaners,Husband,Amer-Indian-Eskimo
48,Private,Prof-school,15,Divorced,Other-service,Unmarried,White
40,Private,HS-grad,14,Never-married,Exec-managerial,Husband,White
22,Private,HS-grad,13,Married-civ-spouse,Machine-op-inspct,Unmarried,White
22,Private,Bachelors,9,Married-civ-spouse,?,Husband,White
47,Private,Bachelors,10,Married-civ-spouse,Farming-fishing,Own-child,White
77,Private,HS-grad,9,Divorced,Adm-clerical,Not-in-family,White
80,Self-emp-not-inc,Some-college,10,Married-civ-spouse,Craft-repair,Other-relative,Other
42,Private,Some-college,7,Widowed,Handlers-cleaners,Unmarried,White
50,Private,Some-college,11,Divorced,?,Own-child,White
74,Private,HS-grad,9,Never-married,Craft-repair,Not-in-family,White
47,Private,11th,14,Widowed,Prof-specialty,Other-relative,White
25,Private,HS-grad,13,Married-civ-spouse,Protective-serv,Not-in-family,Black
22,Private,Some-college,10,Never-married,Exec-managerial,Wife,White
43,Self-emp-not-inc,Bachelors,10,Married-civ-spouse,Prof-specialty,Husband,White
23,Private,Masters,13,Never-married,Prof-specialty,Own-child,White
80,Private,HS-grad,11,Never-married,Protective-serv,Not-in-family,White
49,Private,Bachelors,16,Never-married,Sales,Not-in-family,White
17,State-gov,HS-grad,13,Married-civ-spouse,Exec-managerial,Unmarried,White
29,Self-emp-not-inc,HS-grad,10,Separated,Exec-managerial,Husband,White
27,Self-emp-inc,HS-grad,9,Married-civ-spouse,?,Unmarried,White
47,Private,Bachelors,9,Married-civ-spouse,Handlers-cleaners,Husband,White
30,Private,Masters,13,Married-spouse-absent,Adm-clerical,Own-child,White
80,Private,10th,9,Married-civ-spouse,Prof-specialty,Not-in-family,White
47,State-gov,9th,10,Married-civ-spouse,Exec-managerial,Husband,White
31,?,Bachelors,9,Married-civ-spouse,Machine-op-inspct,Not-in-family,White
62,State-gov,HS-grad,10,Married-civ-spouse,?,Husband,White
37,Self-emp-not-inc,Bachelors,9,Married-civ-spouse,Exec-managerial,Not-in-family,White
22,Local-gov,HS-grad,9,Married-civ-spouse,Machine-op-inspct,Husband,White
49,Private,HS-grad,3,Divorced,Farming-fishing,Wife,White
35,Private,Some-college,13,Married-civ-spouse,Adm-clerical,Not-in-family,White
67,Private,HS-grad,9,Never-married,Machine-op-inspct,Husband,White
54,Private,Some-college,13,Married-civ-spouse,?,Own-child,White
44,Local-gov,Some-college,9,Married-civ-spouse,Prof-specialty,Wife,Other
17,Private,Some-college,10,Never-married,Other-service,Unmarried,White
28,Private,Some-college,9,Married-civ-spouse,Exec-managerial,Husband,White
29,Private,Some-college,9,Married-civ-spouse,Farming-fishing,Husband,Black
47,Self-emp-not-inc,HS-grad,9,Separated,Machine-op-inspct,Unmarried,White
24,Private,Some-college,13,Divorced,Machine-op-inspct,Own-child,White
42,Private,1st-4th,13,Married-civ-spouse,Other-service,Not-in-family,White
27,Private,HS-grad,9,Divorced,Transport-moving,Not-in-family,Black
29,Private,HS-grad,9,Married-spouse-absent,Exec-managerial,Husband,Other
25,Private,Bachelors,10,Married-civ-spouse,?,Not-in-family,White
37,Local-gov,Prof-school,7,Separated,Adm-clerical,Own-child,White
53,Private,Some-college,3,Divorced,Other-service,Not-in-family,White
36,Private,Masters,10,Married-civ-spouse,Other-service,Husband,White
39,Local-gov,HS-grad,13,Married-civ-spouse,Handlers-cleaners,Husband,White
44,Local-gov,Some-college,12,Divorced,Adm-clerical,Own-child,Other
31,Private,11th,10,Married-civ-spouse,Exec-managerial,Not-in-family,White
31,Private,Some-college,5,Never-married,Sales,Not-in-family,White
59,Private,Some-college,9,Widowed,Other-service,Own-child,White
18,Private,HS-grad,10,Married-civ-spouse,Machine-op-inspct,Not-in-family,White
22,Local-gov,HS-grad,12,Married-civ-spouse,Prof-specialty,Husband,White
26,Self-emp-inc,1st-4th,13,Never-married,Exec-managerial,Husband,Black
27,Private,HS-grad,9,Married-civ-spouse,Prof-specialty,Own-child,White
79,Private,Bachelors,11,Married-civ-spouse,?,Not-in-family,White
28,State-gov,Some-college,14,Never-married,Craft-repair,Husband,White
26,Private,HS-grad,9,Never-married,Other-service,Own-child,White
42,Private,Bachelors,14,Married-civ-spouse,Tech-support,Not-in-family,White
51,Private,Bachelors,9,Married-civ-spouse,Sales,Husband,White
70,Private,Some-college,13,Never-married,Prof-specialty,Not-in-family,White
57,State-gov,11th,4,Never-married,Sales,Husband,White
29,Private,Bachelors,13,Separated,Other-service,Unmarried,White
33,?,Some-college,12,Married-civ-spouse,Craft-repair,Not-in-family,White
49,Private,Bachelors,10,Married-civ-spouse,Farming-fishing,Husband,White
80,Private,HS-grad,9,Never-married,Machine-op-inspct,Own-child,White
34,Private,HS-grad,13,Never-married,Handlers-cleaners,Not-in-family,White
19,?,Bachelors,9,Married-civ-spouse,Adm-clerical,Own-child,White
50,Self-emp-not-inc,Some-college,10,Married-civ-spouse,Machine-op-inspct,Unmarried,Asian-Pac-Islander
47,State-gov,Masters,10,Married-civ-spouse,Sales,Husband,White
42,Private,Masters,11,Married-civ-spouse,Sales,Not-in-family,White
49,Private,Some-college,11,Married-civ-spouse,Handlers-cleaners,Other-relative,White
50,Private,Bachelors,6,Divorced,Exec-managerial,Husband,White
33,Private,HS-grad,9,Never-married,Exec-managerial,Other-relative,White
53,Private,Assoc-voc,15,Never-married,Adm-clerical,Husband,White
56,Local-gov,11th,10,Married-civ-spouse,Craft-repair,Husband,White
22,Private,Bachelors,15,Divorced,Craft-repair,Not-in-family,White
55,Private,HS-grad,7,Never-married,Exec-managerial,Unmarried,White
41,Private,Bachelors,9,Never-married,Prof-specialty,Unmarried,White
40,Private,1st-4th,13,Never-married,Other-service,Husband,White
23,Private,Some-college,13,Married-civ-spouse,Transport-moving,Unmarried,White
32,Self-emp-inc,Some-college,11,Divorced,Machine-op-inspct,Husband,Asian-Pac-Islander
65,?,Masters,10,Never-married,Sales,Not-in-family,White
27,Local-gov,Prof-school,9,Never-married,Machine-op-inspct,Not-in-family,White
72,Private,HS-grad,10,Never-married,Prof-specialty,Husband,White
25,Private,10th,13,Married-civ-spouse,Prof-specialty,Unmarried,White
58,Private,Assoc-voc,14,Married-civ-spouse,Sales,Not-in-family,White
68,Private,Some-college,14,Married-civ-spouse,Farming-fishing,Not-in-family,White
28,Private,Assoc-acdm,3,Never-married,Adm-clerical,Wife,Amer-Indian-Eskimo
75,Private,Masters,3,Never-married,Other-service,Husband,White
37,Federal-gov,HS-grad,13,Married-civ-spouse,Other-service,Unmarried,White
43,Private,Some-college,9,Divorced,Craft-repair,Husband,White
48,Private,Some-college,11,Married-civ-spouse,?,Own-child,Black
40,Federal-gov,Bachelors,10,Divorced,Tech-support,Not-in-family,White
52,Private,Some-college,9,Never-married,Other-service,Wife,White
52,Local-gov,Bachelors,10,Never-married,Other-service,Husband,White
26,Local-gov,Bachelors,10,Divorced,Adm-clerical,Not-in-family,White
22,Private,HS-grad,10,Married-civ-spouse,Exec-managerial,Unmarried,White
28,Private,Some-college,13,Divorced,Sales,Not-in-family,White
19,State-gov,Bachelors,13,Never-married,Prof-specialty,Husband,White
49,Private,HS-grad,13,Never-married,Tech-support,Own-child,White
52,Private,HS-grad,13,Never-married,Sales,Husband,White
26,State-gov,9th,10,Married-spouse-absent,Handlers-cleaners,Not-in-family,White
34,Private,Some-college,10,Married-civ-spouse,Machine-op-inspct,Not-in-family,White
36,Private,Some-college,15,Never-married,Farming-fishing,Not-in-family,White
29,Private,HS-grad,9,Never-married,Adm-clerical,Not-in-family,White
68,Private,11th,13,Married-civ-spouse,Adm-clerical,Husband,White
67,?,Some-college,13,Never-married,Other-service,Husband,Black
39,Private,HS-grad,10,Never-married,Other-service,Husband,White
88,Private,HS-grad,9,Never-married,Adm-clerical,Not-in-family,White
38,Local-gov,Assoc-voc,13,Married-civ-spouse,Craft-repair,Husband,White
88,Federal-gov,Bachelors,9,Married-civ-spouse,Machine-op-inspct,Not-in-family,White
23,Private,HS-grad,9,Married-civ-spouse,Other-service,Husband,White
67,Private,HS-grad,13,Never-married,Handlers-cleaners,Unmarried,White
45,Private,HS-grad,13,Married-civ-spouse,Exec-managerial,Husband,White
53,Private,Some-college,10,Divorced,Exec-managerial,Husband,White
55,Federal-gov,HS-grad,9,Married-civ-spouse,Adm-clerical,Husband,White
60,Private,11th,9,Married-civ-spouse,Farming-fishing,Not-in-family,White
43,Private,Doctorate,9,Never-married,Adm-clerical,Husband,White
50,Private,Masters,9,Never-married,Prof-specialty,Husband,Black
37,Self-emp-not-inc,HS-grad,10,Divorced,Prof-specialty,Husband,Asian-Pac-Islander
33,Private,5th-6th,2,Separated,Sales,Other-relative,White
48,Private,Masters,11,Married-civ-spouse,Machine-op-inspct,Own-child,White
69,Self-emp-inc,HS-grad,10,Never-married,Prof-specialty,Husband,White
79,Federal-gov,HS-grad,1,Separated,Craft-repair,Unmarried,White
53,Local-gov,11th,15,Never-married,Craft-repair,Own-child,White
39,Private,Some-college,9,Married-civ-spouse,Adm-clerical,Own-child,White
31,Self-emp-not-inc,Bachelors,14,Widowed,Exec-managerial,Not-in-family,White
19,Private,HS-grad,10,Married-civ-spouse,Other-service,Not-in-family,White
55,Private,Some-college,15,Never-married,Exec-managerial,Not-in-family,White
42,Private,Some-college,9,Married-civ-spouse,Craft-repair,Unmarried,White
21,Private,1st-4th,9,Married-civ-spouse,Machine-op-inspct,Own-child,White
51,Private,HS-grad,10,Separated,Other-service,Other-relative,White
61,Private,Bachelors,13,Never-married,Exec-managerial,Unmarried,White
43,Private,HS-grad,13,Widowed,Craft-repair,Own-child,White
38,Self-emp-not-inc,11th,13,Married-civ-spouse,Sales,Not-in-family,White
52,Private,7th-8th,14,Never-married,Sales,Husband,White
20,Private,Some-college,9,Divorced,Protective-serv,Husband,White
77,Self-emp-inc,10th,10,Married-civ-spouse,Adm-clerical,Husband,White
60,Private,HS-grad,9,Married-civ-spouse,Tech-support,Other-relative,White
18,Private,HS-grad,13,Married-civ-spouse,Other-service,Unmarried,White
25,Private,Some-college,10,Divorced,Exec-managerial,Husband,White
60,State-gov,Some-college,9,Never-married,Sales,Husband,White
26,Private,Some-college,13,Married-civ-spouse,Sales,Unmarried,White
19,Private,HS-grad,8,Married-civ-spouse,Handlers-cleaners,Unmarried,White
77,Private,Some-college,10,Never-married,?,Not-in-family,White
25,State-gov,HS-grad,14,Married-civ-spouse,Sales,Husband,White
17,Self-emp-not-inc,7th-8th,10,Widowed,Adm-clerical,Own-child,Black
80,Private,Bachelors,10,Married-civ-spouse,Prof-specialty,Not-in-family,White
35,Private,Some-college,8,Married-civ-spouse,Craft-repair,Own-child,White
43,Self-emp-inc,HS-grad,10,Never-married,Sales,Husband,White
47,Self-emp-not-inc,Bachelors,10,Never-married,Adm-clerical,Not-in-family,White
33,Self-emp-not-inc,Prof-school,11,Divorced,Machine-op-inspct,Husband,White
31,Private,Masters,8,Widowed,?,Not-in-family,White
72,?,Bachelors,13,Never-married,Prof-specialty,Not-in-family,White
54,?,Some-college,9,Married-civ-spouse,Sales,Unmarried,White
32,Self-emp-inc,Masters,14,Never-married,Sales,Not-in-family,White
33,Private,10th,13,Widowed,Prof-specialty,Not-in-family,White
61,Private,Bachelors,12,Never-married,Craft-repair,Husband,Other
69,Self-emp-not-inc,Bachelors,15,Separated,Prof-specialty,Husband,Asian-Pac-Islander
40,Private,Some-college,13,Never-married,Sales,Husband,White
41,Private,Doctorate,7,Married-civ-spouse,Handlers-cleaners,Husband,White
40,State-gov,HS-grad,11,Divorced,Prof-specialty,Husband,White
45,Local-gov,HS-grad,9,Married-civ-spouse,Other-service,Unmarried,Asian-Pac-Islander
81,Private,Some-college,9,Married-civ-spouse,Tech-support,Unmarried,White
41,Self-emp-not-inc,7th-8th,10,Married-civ-spouse,Protective-serv,Own-child,White
40,Private,Bachelors,14,Never-married,Sales,Other-relative,White
21,Private,Assoc-voc,9,Never-married,Prof-specialty,Husband,White
52,Private,10th,3,Married-civ-spouse,Prof-specialty,Unmarried,White
69,Private,HS-grad,9,Married-civ-spouse,Craft-repair,Unmarried,White
24,?,Bachelors,10,Never-married,Transport-moving,Husband,White
39,Private,9th,8,Separated,Exec-managerial,Unmarried,White
34,Self-emp-inc,Some-college,9,Never-married,Sales,Husband,White
44,Private,Doctorate,3,Divorced,Sales,Not-in-family,White
73,Self-emp-inc,HS-grad,10,Married-civ-spouse,Handlers-cleaners,Not-in-family,Other
26,?,HS-grad,9,Never-married,Exec-managerial,Husband,White
52,Self-emp-inc,Assoc-voc,6,Married-civ-spouse,Prof-specialty,Not-in-family,Black
72,?,Masters,10,Married-civ-spouse,?,Wife,Asian-Pac-Islander
80,Self-emp-not-inc,Some-college,13,Married-civ-spouse,Adm-clerical,Not-in-family,White
35,Private,Bachelors,14,Never-married,Tech-support,Husband,White
46,Private,12th,13,Married-civ-spouse,?,Unmarried,White
80,?,HS-grad,10,Never-married,Adm-clerical,Unmarried,White
23,Private,Masters,9,Married-civ-spouse,Adm-clerical,Husband,White
88,Private,Doctorate,3,Never-married,Prof-specialty,Husband,White
29,State-gov,12th,10,Married-civ-spouse,Transport-moving,Husband,White
25,Private,9th,13,Married-civ-spouse,Sales,Wife,White
61,Private,Some-college,15,Married-civ-spouse,Other-service,Husband,White
45,Private,Bachelors,13,Married-civ-spouse,Prof-specialty,Husband,White
31,Self-emp-inc,Doctorate,5,Married-civ-spouse,Sales,Husband,White
29,Private,Bachelors,12,Widowed,Machine-op-inspct,Wife,White
22,Private,7th-8th,16,Divorced,Adm-clerical,Own-child,White
32,Local-gov,Masters,9,Divorced,Adm-clerical,Unmarried,White
45,Private,HS-grad,9,Married-civ-spouse,?,Husband,White
46,Private,11th,13,Never-married,Sales,Not-in-family,White
58,Private,Prof-school,13,Married-civ-spouse,Adm-clerical,Own-child,White
17,Private,Assoc-voc,3,Divorced,Prof-specialty,Not-in-family,White
25,Private,Some-college,13,Never-married,?,Not-in-family,Other
25,Private,HS-grad,9,Married-civ-spouse,Craft-repair,Unmarried,White
59,Private,Bachelors,3,Married-civ-spouse,Farming-fishing,Not-in-family,White
77,Self-emp-not-inc,Some-college,10,Divorced,Craft-repair,Not-in-family,White
38,Private,Assoc-acdm,9,Never-married,Exec-managerial,Husband,White
30,Private,5th-6th,9,Never-married,Exec-managerial,Husband,White
43,Private,5th-6th,10,Divorced,Machine-op-inspct,Husband,White
79,Local-gov,Some-college,10,Married-civ-spouse,Exec-managerial,Husband,White
80,Self-emp-not-inc,HS-grad,10,Married-civ-spouse,Farming-fishing,Wife,White
47,Self-emp-not-inc,HS-grad,9,Married-civ-spouse,Machine-op-inspct,Husband,White
39,Private,Assoc-voc,10,Never-married,Prof-specialty,Not-in-family,White
74,Private,10th,9,Divorced,Prof-specialty,Own-child,White
69,Self-emp-not-inc,Some-college,9,Married-civ-spouse,Other-service,Not-in-family,White
53,Private,11th,9,Married-civ-spouse,Exec-managerial,Wife,Other
30,Private,HS-grad,4,Married-civ-spouse,Prof-specialty,Husband,White
77,Private,HS-grad,6,Widowed,Transport-moving,Unmarried,Other
48,Private,HS-grad,10,Married-civ-spouse,Farming-fishing,Wife,White
41,State-gov,HS-grad,9,Separated,Exec-managerial,Wife,White
74,Private,9th,9,Married-civ-spouse,Protective-serv,Wife,White
43,Private,Some-college,13,Never-married,Farming-fishing,Husband,White
34,Private,Some-college,9,Married-civ-spouse,Exec-managerial,Husband,White
60,Private,Assoc-voc,10,Married-civ-spouse,Other-service,Not-in-family,White
53,Private,HS-grad,13,Married-civ-spouse,Sales,Not-in-family,Black
35,Private,HS-grad,9,Married-civ-spouse,Craft-repair,Not-in-family,Asian-Pac-Islander
52,Private,Bachelors,13,Never-married,Prof-specialty,Not-in-family,White
56,Private,Masters,9,Married-civ-spouse,Tech-support,Not-in-family,White
19,Federal-gov,HS-grad,9,Married-civ-spouse,Adm-clerical,Not-in-family,White
29,Private,Bachelors,9,Never-married,Exec-managerial,Unmarried,White
27,?,10th,9,Never-married,Exec-managerial,Own-child,White
32,Private,Masters,9,Never-married,?,Unmarried,White
88,Self-emp-inc,9th,10,Never-married,?,Husband,White
40,Private,HS-grad,9,Divorced,Exec-managerial,Not-in-family,Other
90,Self-emp-not-inc,12th,8,Divorced,Craft-repair,Unmarried,White
49,Self-emp-not-inc,HS-grad,13,Married-civ-spouse,Sales,Wife,White
58,Local-gov,Doctorate,9,Married-civ-spouse,Tech-support,Unmarried,White
42,Private,10th,10,Separated,Protective-serv,Own-child,White
19,Self-emp-inc,Bachelors,9,Married-civ-spouse,Sales,Not-in-family,White
49,Private,HS-grad,8,Never-married,Tech-support,Own-child,White
44,?,Masters,9,Never-married,Exec-managerial,Unmarried,White
59,State-gov,HS-grad,10,Married-civ-spouse,Tech-support,Husband,White
30,Private,HS-grad,9,Never-married,?,Not-in-family,White
23,Private,11th,5,Married-civ-spouse,Transport-moving,Own-child,White
18,Private,Masters,9,Divorced,Other-service,Unmarried,White
23,Private,Bachelors,9,Divorced,Sales,Unmarried,White
67,Private,Bachelors,9,Never-married,Craft-repair,Husband,White
26,Private,HS-grad,9,Separated,Exec-managerial,Not-in-family,White
25,Private,Assoc-acdm,9,Never-married,?,Wife,White
24,Local-gov,HS-grad,10,Divorced,Sales,Husband,White
51,Private,Bachelors,9,Married-civ-spouse,Craft-repair,Not-in-family,White
33,Private,Some-college,11,Married-civ-spouse,Prof-specialty,Wife,White
27,Private,9th,13,Separated,?,Unmarried,White
45,Private,Assoc-acdm,11,Divorced,Exec-managerial,Husband,White
31,Self-emp-inc,Some-college,12,Never-married,Adm-clerical,Husband,White
59,Private,HS-grad,9,Divorced,?,Wife,White
32,Private,HS-grad,8,Never-married,Other-service,Husband,White
54,State-gov,HS-grad,10,Separated,Protective-serv,Not-in-family,White
44,Self-emp-inc,HS-grad,9,Married-civ-spouse,Tech-support,Husband,Black
34,Private,HS-grad,11,Divorced,Prof-specialty,Own-child,White
60,Private,Assoc-acdm,9,Never-married,Prof-specialty,Husband,White
58,Private,HS-grad,9,Married-civ-spouse,Tech-support,Wife,White
69,Private,Bachelors,14,Never-married,Craft-repair,Husband,Amer-Indian-Eskimo
24,Self-emp-not-inc,Some-college,9,Divorced,Sales,Husband,White
32,Private,Some-college,8,Married-civ-spouse,Sales,Not-in-family,Asian-Pac-Islander
49,Local-gov,Doctorate,14,Married-civ-spouse,Other-service,Husband,White
46,Private,Some-college,11,Married-civ-spouse,Machine-op-inspct,Husband,White
76,Private,HS-grad,8,Never-married,?,Husband,White
70,Self-emp-inc,HS-grad,9,Married-civ-spouse,Farming-fishing,Own-child,White
43,Private,Masters,7,Never-married,?,Husband,White
72,?,HS-grad,9,Married-civ-spouse,Other-service,Husband,Asian-Pac-Islander
23,State-gov,Some-college,13,Never-married,Exec-managerial,Husband,White
49,Private,Prof-school,13,Widowed,Sales,Husband,Amer-Indian-Eskimo
24,Private,Bachelors,9,Married-civ-spouse,Sales,Husband,White
52,Private,HS-grad,9,Never-married,Craft-repair,Husband,White
29,Private,11th,7,Married-civ-spouse,Prof-specialty,Not-in-family,White
48,Private,HS-grad,10,Married-civ-spouse,Other-service,Husband,Black
53,Private,Bachelors,14,Married-civ-spouse,Sales,Own-child,Asian-Pac-Islander
32,Private,HS-grad,9,Divorced,Sales,Husband,Black
45,Private,HS-grad,10,Widowed,?,Husband,White
45,Self-emp-inc,Doctorate,9,Married-civ-spouse,Adm-clerical,Unmarried,White
47,?,HS-grad,15,Never-married,Adm-clerical,Own-child,White
26,Federal-gov,Bachelors,9,Married-civ-spouse,Sales,Own-child,Black
49,Private,Bachelors,10,Divorced,Handlers-cleaners,Unmarried,White
60,Self-emp-not-inc,Some-college,3,Married-civ-spouse,Sales,Own-child,White
54,Self-emp-not-inc,Some-college,9,Never-married,Tech-support,Unmarried,White
24,Private,1st-4th,10,Never-married,?,Not-in-family,White
40,Self-emp-not-inc,Some-college,13,Never-married,Exec-managerial,Not-in-family,Asian-Pac-Islander
50,Private,HS-grad,9,Married-civ-spouse,Sales,Husband,White
58,?,10th,9,Widowed,Craft-repair,Unmarried,Black
30,Self-emp-not-inc,Prof-school,9,Never-married,Other-service,Unmarried,Other
40,Private,Some-college,10,Never-married,Other-service,Husband,White
26,Private,Some-college,10,Married-civ-spouse,Craft-repair,Husband,White
37,Private,Some-college,9,Married-civ-spouse,Sales,Husband,White
47,Private,Prof-school,10,Married-civ-spouse,Machine-op-inspct,Own-child,White
31,Private,HS-grad,9,Married-civ-spouse,Prof-specialty,Husband,White
74,Private,HS-grad,10,Separated,Prof-specialty,Husband,White
42,Private,HS-grad,9,Married-civ-spouse,Handlers-cleaners,Unmarried,White
90,Private,Some-college,14,Married-civ-spouse,Adm-clerical,Unmarried,Black
80,Private,HS-grad,9,Never-married,Exec-managerial,Not-in-family,Asian-Pac-Islander
31,Private,HS-grad,10,Married-civ-spouse,Adm-clerical,Not-in-family,White
34,Private,Some-college,9,Married-civ-spouse,Handlers-cleaners,Not-in-family,White
25,Local-gov,10th,10,Married-civ-spouse,Sales,Husband,White
39,Private,Some-college,9,Divorced,Handlers-cleaners,Wife,Black
22,Private,Some-college,13,Never-married,Tech-support,Wife,White
43,?,HS-grad,9,Never-married,Other-service,Husband,White
36,Private,Assoc-acdm,9,Married-civ-spouse,Sales,Unmarried,White
32,Private,HS-grad,9,Married-civ-spouse,Other-service,Own-child,White
23,Local-gov,10th,9,Married-civ-spouse,Handlers-cleaners,Husband,White
47,Private,Bachelors,9,Married-civ-spouse,?,Husband,White
51,Private,HS-grad,10,Never-married,Transport-moving,Unmarried,White
61,Private,Some-college,9,Never-married,Craft-repair,Husband,White
49,Private,HS-grad,13,Married-civ-spouse,Adm-clerical,Husband,White
24,Self-emp-not-inc,HS-grad,1,Divorced,Other-service,Husband,White
26,Private,Bachelors,13,Married-civ-spouse,Sales,Husband,White
37,Private,Some-college,10,Never-married,Other-service,Unmarried,White
40,Private,HS-grad,10,Divorced,Other-service,Husband,Other
41,Private,Bachelors,9,Divorced,Transport-moving,Unmarried,White
47,Private,HS-grad,13,Divorced,Craft-repair,Husband,White
50,?,5th-6th,10,Married-civ-spouse,Craft-repair,Own-child,White
43,Self-emp-inc,HS-grad,10,Married-civ-spouse,Sales,Husband,White
34,?,Some-college,10,Never-married,Tech-support,Husband,White
69,Private,Some-college,9,Never-married,Machine-op-inspct,Husband,Asian-Pac-Islander
46,Private,Some-college,9,Never-married,Adm-clerical,Husband,Black
40,State-gov,HS-grad,9,Married-civ-spouse,Craft-repair,Not-in-family,White
63,Private,Assoc-voc,15,Married-civ-spouse,Other-service,Not-in-family,White
80,Private,Bachelors,9,Married-civ-spouse,Exec-managerial,Not-in-family,White
25,Private,HS-grad,9,Never-married,Craft-repair,Husband,White
31,Private,Bachelors,14,Married-civ-spouse,Prof-specialty,Not-in-family,Black
47,?,Masters,11,Widowed,Craft-repair,Unmarried,Black
67,Private,Bachelors,9,Never-married,Craft-repair,Husband,Black
50,Private,Bachelors,9,Never-married,Other-service,Wife,White
24,Private,Some-college,12,Widowed,Craft-repair,Wife,Black
44,Private,10th,5,Separated,Handlers-cleaners,Not-in-family,White
45,Self-emp-not-inc,HS-grad,9,Married-civ-spouse,Other-service,Wife,Black
42,Private,HS-grad,10,Separated,Other-service,Not-in-family,White
53,Private,Bachelors,15,Married-civ-spouse,Machine-op-inspct,Own-child,White
34,Federal-gov,Masters,9,Married-civ-spouse,Craft-repair,Husband,White
20,?,Bachelors,10,Widowed,Prof-specialty,Unmarried,White
38,Private,11th,14,Married-civ-spouse,Transport-moving,Not-in-family,White
26,Private,Some-college,9,Never-married,Exec-managerial,Not-in-family,Black
20,Private,HS-grad,9,Never-married,Adm-clerical,Wife,White
32,Local-gov,Assoc-acdm,9,Married-civ-spouse,Adm-clerical,Not-in-family,White
35,?,HS-grad,13,Never-married,Sales,Husband,White
37,Private,HS-grad,10,Never-married,Prof-specialty,Not-in-family,White
26,Private,Assoc-acdm,10,Married-civ-spouse,Sales,Husband,White
35,Private,HS-grad,9,Never-married,Adm-clerical,Own-child,White
52,Private,Some-college,13,Divorced,Other-service,Not-in-family,White
26,Private,HS-grad,9,Married-civ-spouse,?,Not-in-family,White
42,Private,HS-grad,9,Married-civ-spouse,Other-service,Husband,Black
32,Private,Assoc-acdm,4,Never-married,Craft-repair,Husband,Black
22,Private,Some-college,9,Divorced,Handlers-cleaners,Husband,Black
34,Private,Bachelors,13,Married-civ-spouse,Prof-specialty,Husband,Black
57,Private,Bachelors,9,Married-civ-spouse,?,Own-child,White
62,State-gov,HS-grad,9,Never-married,?,Not-in-family,White
23,Private,Doctorate,10,Never-married,Sales,Not-in-family,White
58,Private,Masters,10,Never-married,Sales,Husband,White
49,Private,Bachelors,14,Married-civ-spouse,Other-service,Husband,White
45,Self-emp-not-inc,Assoc-voc,10,Divorced,Transport-moving,Husband,Black
17,Private,Some-college,2,Divorced,Transport-moving,Husband,White
18,Private,HS-grad,9,Never-married,Sales,Own-child,White
53,State-gov,Assoc-voc,10,Married-civ-spouse,?,Husband,White
21,Private,Masters,14,Divorced,Tech-support,Own-child,Black
47,Private,HS-grad,10,Married-civ-spouse,Exec-managerial,Husband,White
56,Self-emp-not-inc,Some-college,7,Never-married,Prof-specialty,Not-in-family,White
32,Self-emp-inc,Assoc-voc,13,Never-married,Handlers-cleaners,Husband,White
48,Private,Bachelors,13,Married-civ-spouse,Sales,Not-in-family,Amer-Indian-Eskimo
51,Local-gov,9th,13,Married-civ-spouse,Machine-op-inspct,Own-child,White
61,Self-emp-not-inc,HS-grad,3,Married-civ-spouse,Other-service,Husband,White
76,Private,HS-grad,10,Never-married,Sales,Wife,White
49,Private,HS-grad,9,Never-married,Craft-repair,Husband,White
31,Private,HS-grad,8,Married-civ-spouse,Exec-managerial,Other-relative,White
59,Private,Masters,7,Never-married,Exec-managerial,Husband,White
67,Private,12th,13,Never-married,Adm-clerical,Husband,White
80,Federal-gov,HS-grad,13,Married-civ-spouse,Other-service,Husband,White
50,Private,Bachelors,13,Never-married,Craft-repair,Husband,White
43,Private,HS-grad,11,Married-civ-spouse,Exec-managerial,Not-in-family,White
48,?,Prof-school,10,Married-civ-spouse,Sales,Unmarried,White
80,Private,Bachelors,10,Married-civ-spouse,Exec-managerial,Not-in-family,White
88,Private,Masters,9,Married-civ-spouse,Craft-repair,Husband,White
79,Private,HS-grad,10,Married-civ-spouse,Machine-op-inspct,Husband,White
37,Private,Masters,7,Never-married,Prof-specialty,Husband,White
45,Private,Masters,6,Married-civ-spouse,Farming-fishing,Husband,White
29,Private,HS-grad,13,Never-married,?,Own-child,White
40,Private,Bachelors,13,Separated,Craft-repair,Husband,White
32,Private,HS-grad,10,Married-civ-spouse,Prof-specialty,Other-relative,White
49,Private,Masters,11,Married-civ-spouse,Protective-serv,Unmarried,White
90,Private,7th-8th,11,Married-civ-spouse,Sales,Own-child,Black
58,Local-gov,Assoc-acdm,9,Married-civ-spouse,Adm-clerical,Husband,Black
23,Private,7th-8th,10,Married-civ-spouse,Sales,Not-in-family,White
50,Private,HS-grad,9,Married-civ-spouse,Prof-specialty,Not-in-family,White
33,Private,Bachelors,13,Never-married,Prof-specialty,Not-in-family,White
37,Private,HS-grad,15,Never-married,Craft-repair,Not-in-family,White
31,Private,HS-grad,9,Widowed,Machine-op-inspct,Own-child,Black
26,Private,HS-grad,11,Married-civ-spouse,Other-service,Own-child,White
26,Private,5th-6th,13,Never-married,Transport-moving,Unmarried,White
81,?,Doctorate,10,Widowed,Handlers-cleaners,Not-in-family,White
46,Private,Some-college,10,Married-civ-spouse,Craft-repair,Own-child,White
49,Private,Masters,14,Divorced,Sales,Husband,White
41,Self-emp-not-inc,Some-college,9,Married-civ-spouse,Handlers-cleaners,Own-child,White
33,Private,Some-college,4,Never-married,?,Husband,White
42,Private,Some-college,10,Married-civ-spouse,Sales,Wife,White
31,Private,Bachelors,4,Married-civ-spouse,Exec-managerial,Husband,White
74,Private,Some-college,9,Married-civ-spouse,Exec-managerial,Own-child,White
39,Private,HS-grad,9,Divorced,Prof-specialty,Wife,White
31,Private,Doctorate,9,Divorced,Handlers-cleaners,Own-child,White
29,Private,HS-grad,9,Married-spouse-absent,Other-service,Husband,Black
77,Local-gov,Some-college,10,Married-civ-spouse,Adm-clerical,Husband,White
50,Private,Bachelors,6,Never-married,?,Wife,White
22,Federal-gov,HS-grad,9,Married-civ-spouse,Prof-specialty,Own-child,Other
31,Private,Bachelors,15,Never-married,Prof-specialty,Husband,White
56,Private,9th,10,Married-civ-spouse,Adm-clerical,Husband,White
77,Private,Bachelors,10,Never-married,Exec-managerial,Own-child,White
35,?,Bachelors,13,Married-civ-spouse,Adm-clerical,Not-in-family,White
39,Local-gov,Some-college,9,Never-married,Adm-clerical,Husband,White
24,Private,HS-grad,10,Divorced,Craft-repair,Wife,White
21,Private,HS-grad,10,Separated,Other-service,Not-in-family,White
20,Private,HS-grad,14,Married-civ-spouse,Craft-repair,Husband,White
81,Private,Bachelors,9,Married-civ-spouse,Other-service,Husband,White
72,Local-gov,HS-grad,9,Married-civ-spouse,Sales,Wife,White
33,Self-emp-inc,10th,10,Married-civ-spouse,Sales,Unmarried,Black
25,Private,Bachelors,10,Married-civ-spouse,Adm-clerical,Not-in-family,White
53,Private,HS-grad,11,Never-married,Other-service,Husband,Other
31,Self-emp-not-inc,Bachelors,10,Married-civ-spouse,Sales,Unmarried,White
32,State-gov,Masters,14,Never-married,Handlers-cleaners,Not-in-family,White
35,Private,Some-college,9,Married-civ-spouse,Adm-clerical,Unmarried,White
46,Private,Some-college,13,Never-married,Other-service,Own-child,White
32,State-gov,HS-grad,9,Married-civ-spouse,Prof-specialty,Unmarried,White
50,?,Some-college,13,Never-married,Prof-specialty,Husband,White
19,Private,HS-grad,13,Married-civ-spouse,Adm-clerical,Own-child,White
69,Private,7th-8th,9,Divorced,Machine-op-inspct,Not-in-family,Other
31,Private,HS-grad,9,Married-civ-spouse,?,Not-in-family,White
55,Self-emp-inc,Bachelors,14,Married-civ-spouse,Adm-clerical,Not-in-family,White
59,Private,HS-grad,9,Never-married,Adm-clerical,Husband,White
69,Private,11th,13,Never-married,?,Wife,White
22,Private,Some-college,11,Married-civ-spouse,Prof-specialty,Husband,White
80,Private,11th,9,Married-civ-spouse,Adm-clerical,Own-child,White
74,Private,Some-college,10,Married-civ-spouse,Transport-moving,Not-in-family,White
33,Private,Some-college,4,Married-civ-spouse,Sales,Husband,White
45,Local-gov,Bachelors,9,Married-civ-spouse,Adm-clerical,Not-in-family,White
55,Local-gov,Bachelors,13,Married-civ-spouse,Farming-fishing,Own-child,White
67,Private,HS-grad,10,Married-civ-spouse,Other-service,Own-child,White
53,?,Some-college,10,Divorced,Prof-specialty,Husband,White
47,Private,Prof-school,13,Widowed,Prof-specialty,Not-in-family,White
78,Private,Bachelors,13,Married-civ-spouse,Adm-clerical,Not-in-family,White
30,Private,Some-college,15,Married-civ-spouse,Exec-managerial,Husband,White
63,Private,HS-grad,7,Divorced,Tech-support,Not-in-family,White
29,Private,Masters,7,Divorced,Prof-specialty,Not-in-family,White
39,Private,Bachelors,10,Divorced,Adm-clerical,Not-in-family,White
37,State-gov,9th,9,Divorced,Machine-op-inspct,Unmarried,White
33,?,Prof-school,10,Divorced,Other-service,Husband,Black
47,Private,HS-grad,10,Never-married,Prof-specialty,Husband,White
59,Private,HS-grad,11,Never-married,Prof-specialty,Unmarried,White
47,Self-emp-not-inc,HS-grad,13,Married-civ-spouse,Exec-managerial,Not-in-family,White
43,Private,Bachelors,9,Married-civ-spouse,Exec-managerial,Husband,White
51,Private,HS-grad,10,Married-civ-spouse,Prof-specialty,Unmarried,White
60,Self-emp-inc,HS-grad,13,Divorced,Other-service,Unmarried,White
81,Private,HS-grad,14,Married-civ-spouse,Prof-specialty,Unmarried,White
22,?,Assoc-voc,13,Widowed,Farming-fishing,Husband,White
54,?,HS-grad,13,Widowed,Sales,Husband,Black
25,Private,Some-college,13,Married-civ-spouse,Prof-specialty,Husband,Amer-Indian-Eskimo
40,Private,Masters,9,Divorced,Tech-support,Husband,Other
25,Private,Some-college,15,Never-married,Exec-managerial,Own-child,White
77,Private,Some-college,13,Never-married,Other-service,Husband,Amer-Indian-Eskimo
44,Self-emp-not-inc,Some-college,9,Never-married,Exec-managerial,Unmarried,Black
37,Private,5th-6th,9,Divorced,Sales,Husband,White
26,Private,HS-grad,10,Married-civ-spouse,Sales,Unmarried,White
81,Federal-gov,Bachelors,10,Divorced,Sales,Not-in-family,Black
59,Private,HS-grad,9,Married-civ-spouse,Exec-managerial,Wife,Black
32,Local-gov,Bachelors,9,Never-married,Farming-fishing,Husband,White
57,Private,HS-grad,10,Widowed,Farming-fishing,Husband,White
43,Private,Assoc-voc,10,Divorced,Transport-moving,Husband,Asian-Pac-Islander
51,Private,HS-grad,10,Married-civ-spouse,Prof-specialty,Husband,White
21,Private,5th-6th,13,Separated,Other-service,Not-in-family,White
75,Private,HS-grad,10,Divorced,Sales,Unmarried,White
59,Private,HS-grad,14,Divorced,Craft-repair,Husband,White
29,State-gov,HS-grad,13,Married-civ-spouse,Tech-support,Own-child,White
65,Private,HS-grad,13,Never-married,Exec-managerial,Own-child,White
78,Private,HS-grad,9,Married-civ-spouse,Machine-op-inspct,Not-in-family,White
53,Self-emp-not-inc,HS-grad,10,Divorced,Tech-support,Not-in-family,White
22,?,HS-grad,13,Married-civ-spouse,Adm-clerical,Unmarried,White
49,Private,HS-grad,12,Married-civ-spouse,Exec-managerial,Husband,White
43,?,9th,10,Widowed,Prof-specialty,Husband,White
71,Self-emp-not-inc,Some-college,10,Married-civ-spouse,?,Own-child,Black
27,?,HS-grad,14,Married-civ-spouse,Exec-managerial,Not-in-family,White
59,Private,Masters,9,Divorced,Craft-repair,Husband,White
37,Private,Assoc-acdm,6,Married-civ-spouse,Sales,Not-in-family,White
59,Private,12th,12,Married-civ-spouse,Adm-clerical,Own-child,White
18,Private,Some-college,13,Married-civ-spouse,Machine-op-inspct,Not-in-family,White
26,Private,HS-grad,9,Never-married,Farming-fishing,Husband,Asian-Pac-Islander
26,Private,HS-grad,11,Married-civ-spouse,Prof-specialty,Not-in-family,White
64,Private,Masters,13,Divorced,Exec-managerial,Not-in-family,White
39,Private,Masters,8,Married-civ-spouse,Prof-specialty,Husband,White
19,Self-emp-not-inc,HS-grad,10,Never-married,Tech-support,Husband,White
78,State-gov,Some-college,10,Never-married,Sales,Not-in-family,White
46,Self-emp-inc,Assoc-voc,13,Never-married,Other-service,Other-relative,White
50,Private,HS-grad,9,Married-civ-spouse,Sales,Husband,White
50,Private,Bachelors,9,Divorced,?,Husband,White
39,Private,HS-grad,9,Married-civ-spouse,Other-service,Unmarried,White
25,Private,HS-grad,9,Never-married,Craft-repair,Unmarried,White
51,Self-emp-not-inc,Bachelors,10,Divorced,Prof-specialty,Not-in-family,White
58,Private,HS-grad,10,Never-married,Craft-repair,Husband,White
51,Private,Assoc-acdm,13,Never-married,Craft-repair,Husband,Black
36,Private,Prof-school,9,Married-civ-spouse,Prof-specialty,Husband,Black
28,Private,HS-grad,9,Married-civ-spouse,Other-service,Not-in-family,White
42,Private,HS-grad,13,Never-married,Transport-moving,Not-in-family,Asian-Pac-Islander
32,Private,HS-grad,9,Widowed,Handlers-cleaners,Own-child,Black
36,?,HS-grad,7,Married-civ-spouse,Protective-serv,Not-in-family,White
25,Private,9th,13,Married-civ-spouse,Sales,Husband,White
80,Self-emp-inc,Some-college,9,Divorced,Protective-serv,Husband,White
32,Federal-gov,Some-college,15,Never-married,Prof-specialty,Own-child,White
71,Private,Some-college,10,Never-married,Sales,Husband,White
35,Private,HS-grad,10,Never-married,Tech-support,Husband,Asian-Pac-Islander
34,State-gov,7th-8th,9,Never-married,Exec-managerial,Own-child,White
30,Private,11th,10,Never-married,Sales,Not-in-family,White
20,Private,HS-grad,9,Married-civ-spouse,Exec-managerial,Not-in-family,White
25,Self-emp-inc,9th,11,Married-civ-spouse,Farming-fishing,Not-in-family,White
44,Private,HS-grad,9,Never-married,Other-service,Unmarried,Other
38,Without-pay,Bachelors,9,Divorced,Handlers-cleaners,Husband,White
26,Private,Some-college,5,Never-married,Craft-repair,Husband,White
30,Private,Bachelors,14,Married-civ-spouse,Prof-specialty,Husband,White
73,Private,HS-grad,14,Divorced,Prof-specialty,Not-in-family,White
26,Private,Prof-school,9,Never-married,Adm-clerical,Unmarried,Asian-Pac-Islander
32,Private,HS-grad,10,Married-civ-spouse,Adm-clerical,Own-child,White
52,Private,HS-grad,14,Married-civ-spouse,Tech-support,Unmarried,White
40,Private,HS-grad,11,Divorced,Sales,Unmarried,White
34,Private,Doctorate,11,Divorced,Sales,Not-in-family,Asian-Pac-Islander
26,Private,Some-college,9,Married-civ-spouse,Craft-repair,Not-in-family,White
54,Self-emp-not-inc,Some-college,7,Divorced,Prof-specialty,Wife,White
77,Self-emp-not-inc,Assoc-voc,13,Married-civ-spouse,Other-service,Husband,White
57,Local-gov,HS-grad,14,Divorced,Adm-clerical,Unmarried,White
19,Private,Some-college,6,Married-civ-spouse,Sales,Husband,White
57,Self-emp-not-inc,Some-college,14,Never-married,Prof-specialty,Own-child,White
33,Private,11th,10,Married-civ-spouse,Exec-managerial,Not-in-family,Other
38,Private,Bachelors,9,Never-married,Adm-clerical,Not-in-family,White
23,Local-gov,Some-college,10,Divorced,Craft-repair,Husband,Asian-Pac-Islander
26,Private,HS-grad,10,Married-civ-spouse,Other-service,Not-in-family,White
58,Federal-gov,11th,9,Married-civ-spouse,Prof-specialty,Husband,White
17,Private,Some-college,14,Divorced,Exec-managerial,Own-child,White
26,Private,12th,13,Married-civ-spouse,Sales,Husband,White
58,Local-gov,HS-grad,12,Married-civ-spouse,Craft-repair,Not-in-family,White
33,Private,Some-college,13,Never-married,Sales,Other-relative,White
22,Private,Bachelors,9,Never-married,?,Not-in-family,Black
52,Private,Bachelors,10,Divorced,Machine-op-inspct,Wife,Black
35,Private,9th,4,Divorced,Prof-specialty,Husband,White
44,Private,10th,15,Never-married,Machine-op-inspct,Husband,Black
40,Private,Some-college,9,Married-civ-spouse,Craft-repair,Husband,White
29,Local-gov,Masters,10,Married-civ-spouse,Craft-repair,Husband,Black
24,Private,HS-grad,9,Never-married,Exec-managerial,Own-child,Black
32,?,7th-8th,13,Never-married,?,Husband,White
32,Private,Bachelors,13,Divorced,Sales,Husband,White
31,Self-emp-not-inc,HS-grad,11,Widowed,Craft-repair,Not-in-family,White
50,Private,Bachelors,10,Never-married,Other-service,Husband,White
32,Private,Some-college,13,Separated,Craft-repair,Husband,White
42,Private,HS-grad,14,Never-married,Sales,Husband,White
54,?,HS-grad,9,Married-civ-spouse,Tech-support,Own-child,White
24,?,Assoc-acdm,10,Married-civ-spouse,?,Unmarried,White
24,Self-emp-inc,HS-grad,10,Never-married,Adm-clerical,Husband,Black
21,Private,Bachelors,10,Never-married,Farming-fishing,Husband,White
40,Local-gov,HS-grad,9,Married-civ-spouse,Handlers-cleaners,Wife,White
33,State-gov,HS-grad,15,Married-civ-spouse,Tech-support,Husband,White
47,Private,Bachelors,9,Never-married,Sales,Unmarried,White
25,Local-gov,Masters,16,Married-civ-spouse,Sales,Husband,White
72,Private,Bachelors,9,Never-married,Sales,Other-relative,White
22,Private,Some-college,10,Divorced,Craft-repair,Husband,White
42,Private,Some-college,9,Never-married,Other-service,Husband,White
28,Private,Some-college,13,Never-married,Machine-op-inspct,Not-in-family,White
32,Private,HS-grad,10,Never-married,Craft-repair,Not-in-family,White
40,Private,Some-college,13,Divorced,Sales,Not-in-family,White
44,?,HS-grad,5,Never-married,Sales,Husband,White
54,Private,10th,4,Widowed,Prof-specialty,Not-in-family,Black
50,Private,Bachelors,9,Divorced,?,Husband,White
37,Private,Bachelors,13,Never-married,Adm-clerical,Husband,Amer-Indian-Eskimo
59,Private,11th,10,Separated,Exec-managerial,Not-in-family,White
24,Private,Bachelors,10,Divorced,Craft-repair,Own-child,White
25,Local-gov,10th,13,Married-civ-spouse,Other-service,Not-in-family,Black
43,?,Some-college,7,Divorced,Machine-op-inspct,Husband,White
29,Self-emp-inc,Some-college,9,Married-civ-spouse,Adm-clerical,Unmarried,White
23,Private,Doctorate,13,Never-married,Sales,Not-in-family,Black
31,Private,Bachelors,9,Never-married,Protective-serv,Not-in-family,White
27,Private,HS-grad,9,Separated,Adm-clerical,Not-in-family,White
31,Local-gov,HS-grad,10,Never-married,Tech-support,Husband,Black
31,Local-gov,Assoc-voc,10,Married-civ-spouse,Craft-repair,Husband,White
18,Private,Some-college,10,Married-civ-spouse,Craft-repair,Husband,Black
73,Private,HS-grad,5,Never-married,Machine-op-inspct,Own-child,White
27,Private,5th-6th,9,Married-civ-spouse,Adm-clerical,Husband,White
44,Self-emp-not-inc,HS-grad,15,Married-civ-spouse,Craft-repair,Husband,Asian-Pac-Islander
29,Private,HS-grad,12,Never-married,?,Wife,Black
46,Private,Bachelors,13,Never-married,Prof-specialty,Husband,White
29,Private,HS-grad,10,Married-civ-spouse,Exec-managerial,Own-child,White
67,Private,7th-8th,14,Married-civ-spouse,Exec-managerial,Husband,White
45,Private,Some-college,10,Married-civ-spouse,Sales,Husband,White
69,Private,5th-6th,13,Divorced,Prof-specialty,Husband,White
58,Private,10th,4,Never-married,Craft-repair,Husband,White
53,Private,Bachelors,10,Divorced,Craft-repair,Not-in-family,White
52,Private,Some-college,10,Never-married,Other-service,Husband,White
42,Self-emp-inc,HS-grad,10,Never-married,Prof-specialty,Husband,White
57,Private,Some-college,13,Never-married,Other-service,Husband,White
22,Private,Masters,9,Never-married,Machine-op-inspct,Husband,White
63,Self-emp-not-inc,Prof-school,6,Married-civ-spouse,Exec-managerial,Wife,White
58,Private,HS-grad,9,Married-civ-spouse,Adm-clerical,Husband,White
74,Self-emp-not-inc,Doctorate,13,Widowed,Adm-clerical,Unmarried,Black
74,Private,12th,9,Married-civ-spouse,Sales,Unmarried,White
36,Private,Prof-school,9,Married-civ-spouse,Exec-managerial,Other-relative,White
20,State-gov,Prof-school,13,Never-married,Exec-managerial,Husband,White
35,State-gov,Some-college,13,Divorced,Exec-managerial,Husband,White
76,Private,Some-college,10,Widowed,Craft-repair,Husband,White
23,Private,Some-college,9,Married-civ-spouse,Other-service,Not-in-family,White
49,Private,Some-college,10,Married-civ-spouse,Prof-specialty,Husband,White
69,Private,Some-college,13,Never-married,Prof-specialty,Husband,Asian-Pac-Islander
38,Private,Bachelors,13,Married-civ-spouse,Machine-op-inspct,Not-in-family,White
52,Private,HS-grad,2,Never-married,?,Husband,Black
79,Private,5th-6th,12,Never-married,Prof-specialty,Other-relative,White
59,Self-emp-not-inc,Bachelors,10,Never-married,Craft-repair,Husband,White
61,Private,Bachelors,9,Never-married,Prof-specialty,Own-child,White
77,Federal-gov,Masters,15,Never-married,Machine-op-inspct,Not-in-family,White
50,State-gov,10th,13,Married-civ-spouse,Prof-specialty,Not-in-family,White
17,Self-emp-not-inc,HS-grad,10,Married-civ-spouse,?,Husband,Amer-Indian-Eskimo
61,Self-emp-not-inc,HS-grad,7,Married-civ-spouse,Craft-repair,Not-in-family,White
47,Private,Some-college,13,Divorced,Other-service,Unmarried,White
55,Private,Some-college,10,Divorced,Farming-fishing,Unmarried,White
45,Private,Masters,9,Never-married,Prof-specialty,Not-in-family,White
32,Private,HS-grad,10,Married-civ-spouse,Craft-repair,Not-in-family,White
36,Private,HS-grad,9,Married-civ-spouse,Exec-managerial,Husband,White
58,Local-gov,Bachelors,10,Married-civ-spouse,?,Husband,White
31,Private,HS-grad,9,Never-married,Other-service,Not-in-family,Asian-Pac-Islander
32,Private,Assoc-acdm,9,Married-civ-spouse,Tech-support,Not-in-family,White
33,Self-emp-not-inc,Bachelors,13,Never-married,Adm-clerical,Husband,White
56,Private,HS-grad,7,Married-civ-spouse,Sales,Not-in-family,White
27,Private,Some-college,9,Widowed,Other-service,Own-child,White
40,Private,Bachelors,10,Never-married,Handlers-cleaners,Husband,Black
50,Private,7th-8th,13,Divorced,Prof-specialty,Wife,White
35,Self-emp-inc,Masters,11,Married-civ-spouse,Sales,Wife,White
53,Self-emp-not-inc,HS-grad,9,Never-married,Prof-specialty,Unmarried,White
27,Private,HS-grad,9,Separated,Sales,Unmarried,White
70,Self-emp-not-inc,Masters,13,Married-civ-spouse,Exec-managerial,Not-in-family,White
22,Private,HS-grad,6,Never-married,Transport-moving,Husband,White
28,Private,HS-grad,10,Married-civ-spouse,Sales,Husband,White
22,Private,HS-grad,9,Never-married,Adm-clerical,Unmarried,Black
69,Private,Bachelors,4,Never-married,Adm-clerical,Husband,White
38,Private,Bachelors,13,Divorced,Farming-fishing,Husband,White
22,Private,10th,7,Married-spouse-absent,Prof-specialty,Not-in-family,White
36,Private,Some-college,13,Married-civ-spouse,Machine-op-inspct,Own-child,White
61,Private,Masters,1,Married-civ-spouse,Transport-moving,Own-child,Black
38,Self-emp-not-inc,Bachelors,8,Married-civ-spouse,Craft-repair,Wife,White
23,Private,Some-college,15,Married-civ-spouse,Craft-repair,Husband,White
47,Private,HS-grad,12,Married-civ-spouse,Prof-specialty,Own-child,White
69,Private,Bachelors,9,Married-civ-spouse,Other-service,Wife,White
51,Private,Masters,13,Never-married,Farming-fishing,Wife,White
42,Self-emp-not-inc,HS-grad,11,Never-married,Prof-specialty,Not-in-family,White
23,Private,Masters,8,Married-civ-spouse,Adm-clerical,Unmarried,White
53,Private,Bachelors,10,Never-married,Exec-managerial,Not-in-family,White
44,Private,Assoc-acdm,10,Married-civ-spouse,Machine-op-inspct,Husband,White
50,Self-emp-not-inc,HS-grad,10,Married-civ-spouse,Other-service,Husband,White
25,Private,Masters,10,Divorced,Exec-managerial,Husband,White
57,Private,HS-grad,10,Married-civ-spouse,Adm-clerical,Not-in-family,White
22,Self-emp-not-inc,Bachelors,13,Married-civ-spouse,Other-service,Wife,White
78,Federal-gov,9th,13,Married-civ-spouse,Transport-moving,Not-in-family,White
44,Private,Some-college,13,Separated,Exec-managerial,Own-child,White
30,Private,Some-college,2,Married-civ-spouse,Protective-serv,Unmarried,White
58,Private,Some-college,9,Married-civ-spouse,Exec-managerial,Husband,White
50,Private,Bachelors,13,Married-civ-spouse,Craft-repair,Husband,White
33,Private,Some-college,10,Divorced,Tech-support,Husband,White
32,Private,Bachelors,9,Never-married,Sales,Own-child,White
46,Private,Bachelors,10,Never-married,Exec-managerial,Not-in-family,White
25,Private,HS-grad,10,Never-married,Tech-support,Unmarried,White
37,Private,HS-grad,11,Divorced,Adm-clerical,Own-child,White
32,?,Assoc-voc,13,Married-civ-spouse,Transport-moving,Husband,White
39,Private,Masters,9,Never-married,Adm-clerical,Husband,White
48,Self-emp-inc,Some-college,10,Divorced,Exec-managerial,Husband,Black
43,Private,Some-college,9,Never-married,?,Husband,White
17,Private,Masters,8,Separated,Prof-specialty,Unmarried,Black
22,Private,HS-grad,13,Married-civ-spouse,Exec-managerial,Wife,White
36,Private,12th,7,Married-civ-spouse,Protective-serv,Wife,Asian-Pac-Islander
45,Private,Assoc-voc,9,Never-married,Adm-clerical,Own-child,White
53,Private,Some-college,13,Never-married,Exec-managerial,Husband,White
74,Local-gov,Bachelors,9,Never-married,Sales,Not-in-family,White
31,Private,Some-college,10,Divorced,Craft-repair,Wife,Black
48,Private,Bachelors,11,Married-civ-spouse,Exec-managerial,Own-child,White
52,Private,Doctorate,5,Never-married,Other-service,Not-in-family,White
39,Private,HS-grad,9,Married-civ-spouse,Prof-specialty,Own-child,White
29,Self-emp-not-inc,Some-college,14,Married-civ-spouse,?,Husband,Black
28,State-gov,HS-grad,13,Married-civ-spouse,Prof-specialty,Husband,White
18,?,Bachelors,2,Divorced,Sales,Husband,White
23,?,Masters,9,Divorced,Sales,Husband,White
32,Private,Assoc-voc,13,Married-civ-spouse,Transport-moving,Own-child,White
65,Private,Masters,10,Married-civ-spouse,Other-service,Wife,White
